Hash.Sha256.Algorithm	
Hash.Sha256.Algorithm._sizeOf_1	
Hash.Sha256.Algorithm._sizeOf_inst	
Hash.Sha256.Algorithm.casesOn	
Hash.Sha256.Algorithm.ctorElim	
Hash.Sha256.Algorithm.ctorElimType	
Hash.Sha256.Algorithm.ctorIdx	
Hash.Sha256.Algorithm.noConfusion	
Hash.Sha256.Algorithm.noConfusionType	
Hash.Sha256.Algorithm.ofNat	
Hash.Sha256.Algorithm.ofNat_ctorIdx	
Hash.Sha256.Algorithm.outputBytes	
Hash.Sha256.Algorithm.rec	
Hash.Sha256.Algorithm.recOn	
Hash.Sha256.Algorithm.sha224	
Hash.Sha256.Algorithm.sha224.elim	
Hash.Sha256.Algorithm.sha224.sizeOf_spec	
Hash.Sha256.Algorithm.sha256	
Hash.Sha256.Algorithm.sha256.elim	
Hash.Sha256.Algorithm.sha256.sizeOf_spec	
Hash.Sha256.Algorithm.toCtorIdx	
Hash.Sha256.Bridge.bitsOfBytes_append	propext
Hash.Sha256.Bridge.bitsOfBytes_bytesOfWord	Quot.sound,propext
Hash.Sha256.Bridge.bitsOfBytes_drop	Quot.sound,propext
Hash.Sha256.Bridge.bitsOfBytes_drop._proof_1_2	Quot.sound,propext
Hash.Sha256.Bridge.bitsOfBytes_drop._proof_1_3	Quot.sound,propext
Hash.Sha256.Bridge.bitsOfBytes_flatMap	propext
Hash.Sha256.Bridge.bitsOfBytes_lengthBytes	Quot.sound,propext
Hash.Sha256.Bridge.bitsOfBytes_replicate	Quot.sound,propext
Hash.Sha256.Bridge.bitsOfBytes_replicate._proof_1_1	Quot.sound,propext
Hash.Sha256.Bridge.bitsOfBytes_take	Quot.sound,propext
Hash.Sha256.Bridge.bitsOfBytes_take._proof_1_2	Quot.sound,propext
Hash.Sha256.Bridge.bitsOfBytes_take._proof_1_3	Quot.sound,propext
Hash.Sha256.Bridge.blocks_bridge	Quot.sound,propext
Hash.Sha256.Bridge.blocks_bridge._proof_1_1	Quot.sound,propext
Hash.Sha256.Bridge.blocks_bridge._proof_1_2	Quot.sound,propext
Hash.Sha256.Bridge.blocks_bridge._proof_1_3	Quot.sound,propext
Hash.Sha256.Bridge.blocks_bridge._proof_1_4	Quot.sound,propext
Hash.Sha256.Bridge.blocks_bridge._proof_1_5	Quot.sound,propext
Hash.Sha256.Bridge.blocks_bridge._unary	Quot.sound,propext
Hash.Sha256.Bridge.compress_bridge	Quot.sound,propext
Hash.Sha256.Bridge.hashWith_bridge	Quot.sound,propext
Hash.Sha256.Bridge.hash_bridge	Quot.sound,propext
Hash.Sha256.Bridge.output_bridge	Quot.sound,propext
Hash.Sha256.Bridge.output_bridge._proof_1	Quot.sound,propext
Hash.Sha256.Bridge.padBytes_bridge	Quot.sound,propext
Hash.Sha256.Bridge.padBytes_bridge._proof_1_1	Quot.sound,propext
Hash.Sha256.Bridge.schedule_bridge	Quot.sound,propext
Hash.Sha256.Bridge.sha224IV	
Hash.Sha256.Bridge.sha224IV._proof_1	
Hash.Sha256.Bridge.sha224IV_eq	
Hash.Sha256.Bridge.sha224_bridge	Quot.sound,propext
Hash.Sha256.Bridge.sha256_bridge	Quot.sound,propext
Hash.Sha256.Bridge.sha256_ne_hashWith_sha224IV	Quot.sound,propext
Hash.Sha256.Bridge.sha256_ne_hashWith_sha224IV._proof_1_1	Quot.sound,propext
Hash.Sha256.Bridge.sha256_ne_sha224_iv	Quot.sound,propext
Hash.Sha256.Bridge.wordOfBits_bitsOfBytes4	Quot.sound,propext
Hash.Sha256.Bridge.wordsOfBlock_bridge	Quot.sound,propext
Hash.Sha256.Bridge.wordsOfBlock_bridge._proof_1_1	Quot.sound,propext
Hash.Sha256.Bridge.wordsOfBlock_bridge._proof_1_2	Quot.sound,propext
Hash.Sha256.Bridge.wordsOfBlock_eq_blockOfBits	Quot.sound,propext
Hash.Sha256.Bridge.wordsOfBlock_eq_blockOfBits._proof_1_3	Quot.sound,propext
Hash.Sha256.Bridge.wordsOfBlock_eq_blockOfBits._proof_1_4	Quot.sound,propext
Hash.Sha256.Context	
Hash.Sha256.Context.Absorbs	Quot.sound,propext
Hash.Sha256.Context.Absorbs.below	Quot.sound,propext
Hash.Sha256.Context.Absorbs.below.casesOn	Quot.sound,propext
Hash.Sha256.Context.Absorbs.below.empty	Quot.sound,propext
Hash.Sha256.Context.Absorbs.below.feed	Quot.sound,propext
Hash.Sha256.Context.Absorbs.below.rec	Quot.sound,propext
Hash.Sha256.Context.Absorbs.brecOn	Quot.sound,propext
Hash.Sha256.Context.Absorbs.casesOn	Quot.sound,propext
Hash.Sha256.Context.Absorbs.empty	
Hash.Sha256.Context.Absorbs.feed	Quot.sound,propext
Hash.Sha256.Context.Absorbs.rec	Quot.sound,propext
Hash.Sha256.Context.Absorbs.recOn	Quot.sound,propext
Hash.Sha256.Context.Sound	Quot.sound,propext
Hash.Sha256.Context.Sound.casesOn	Quot.sound,propext
Hash.Sha256.Context.Sound.length_prefix	Quot.sound,propext
Hash.Sha256.Context.Sound.mk	Quot.sound,propext
Hash.Sha256.Context.Sound.mk._flat_ctor	Quot.sound,propext
Hash.Sha256.Context.Sound.rec	Quot.sound,propext
Hash.Sha256.Context.Sound.recOn	Quot.sound,propext
Hash.Sha256.Context.Sound.split	Quot.sound,propext
Hash.Sha256.Context.Sound.state_eq	Quot.sound,propext
Hash.Sha256.Context._sizeOf_1	
Hash.Sha256.Context._sizeOf_inst	
Hash.Sha256.Context.absorbInto	Quot.sound,propext
Hash.Sha256.Context.absorbInto._proof_1	Quot.sound,propext
Hash.Sha256.Context.absorbInto._proof_2	Quot.sound,propext
Hash.Sha256.Context.absorbInto_append	Quot.sound,propext
Hash.Sha256.Context.absorbInto_append._proof_1_1	Quot.sound,propext
Hash.Sha256.Context.absorbInto_append._proof_1_2	Quot.sound,propext
Hash.Sha256.Context.absorbInto_append._proof_1_3	Quot.sound,propext
Hash.Sha256.Context.absorbInto_append._proof_1_4	Quot.sound,propext
Hash.Sha256.Context.absorbedBlocks	
Hash.Sha256.Context.absorbedBlocks_absorbInto	Quot.sound,propext
Hash.Sha256.Context.absorbs_init	Quot.sound,propext
Hash.Sha256.Context.absorbs_update	Quot.sound,propext
Hash.Sha256.Context.buffer	
Hash.Sha256.Context.buffer_absorbInto	Quot.sound,propext
Hash.Sha256.Context.buffer_lt	
Hash.Sha256.Context.casesOn	
Hash.Sha256.Context.ctorIdx	
Hash.Sha256.Context.ext	
Hash.Sha256.Context.finalize	Quot.sound,propext
Hash.Sha256.Context.finalize.eq_1	Quot.sound,propext
Hash.Sha256.Context.finalizeFrom	Quot.sound,propext
Hash.Sha256.Context.finalizeFrom._proof_1	Quot.sound,propext
Hash.Sha256.Context.finalizeFrom.eq_1	Quot.sound,propext
Hash.Sha256.Context.finalize_absorbs	Quot.sound,propext
Hash.Sha256.Context.finalize_absorbs._proof_1_1	Quot.sound,propext
Hash.Sha256.Context.finalize_absorbs._proof_1_2	Quot.sound,propext
Hash.Sha256.Context.finalize_absorbs._proof_1_3	Quot.sound,propext
Hash.Sha256.Context.finalize_absorbs._proof_1_6	Quot.sound,propext
Hash.Sha256.Context.finalize_absorbs._proof_1_7	Quot.sound,propext
Hash.Sha256.Context.finalize_init_update	Quot.sound,propext
Hash.Sha256.Context.init	
Hash.Sha256.Context.init._proof_1	
Hash.Sha256.Context.mk	
Hash.Sha256.Context.mk._flat_ctor	
Hash.Sha256.Context.mk.inj	
Hash.Sha256.Context.mk.injEq	propext
Hash.Sha256.Context.mk.noConfusion	
Hash.Sha256.Context.mk.sizeOf_spec	
Hash.Sha256.Context.noConfusion	
Hash.Sha256.Context.noConfusionType	
Hash.Sha256.Context.rec	
Hash.Sha256.Context.recOn	
Hash.Sha256.Context.size_buffer	
Hash.Sha256.Context.sound_of_absorbs	Quot.sound,propext
Hash.Sha256.Context.sound_of_absorbs._proof_1_1	Quot.sound,propext
Hash.Sha256.Context.sound_of_absorbs._proof_1_2	Quot.sound,propext
Hash.Sha256.Context.sound_of_absorbs._proof_1_3	Quot.sound,propext
Hash.Sha256.Context.sound_of_absorbs._proof_1_4	Quot.sound,propext
Hash.Sha256.Context.sound_of_absorbs._proof_1_6	Quot.sound,propext
Hash.Sha256.Context.sound_of_absorbs._proof_1_7	Quot.sound,propext
Hash.Sha256.Context.state	
Hash.Sha256.Context.state_absorbInto	Quot.sound,propext
Hash.Sha256.Context.update	Quot.sound,propext
Hash.Sha256.Context.update.eq_1	Quot.sound,propext
Hash.Sha256.Context.update_append	Quot.sound,propext
Hash.Sha256.Context.update_empty	Quot.sound,propext
Hash.Sha256.Context.update_empty._proof_1_1	Quot.sound,propext
Hash.Sha256.Digest	
Hash.Sha256.Digest._sizeOf_1	
Hash.Sha256.Digest._sizeOf_inst	
Hash.Sha256.Digest.bytes	
Hash.Sha256.Digest.casesOn	
Hash.Sha256.Digest.ctorIdx	
Hash.Sha256.Digest.ext	
Hash.Sha256.Digest.instBEq	
Hash.Sha256.Digest.instDecidableEq	
Hash.Sha256.Digest.instDecidableEq._proof_1	
Hash.Sha256.Digest.instDecidableEq._proof_2	
Hash.Sha256.Digest.length_toHexChars	Quot.sound,propext
Hash.Sha256.Digest.length_toList	
Hash.Sha256.Digest.mk	
Hash.Sha256.Digest.mk._flat_ctor	
Hash.Sha256.Digest.mk.inj	
Hash.Sha256.Digest.mk.injEq	propext
Hash.Sha256.Digest.mk.noConfusion	
Hash.Sha256.Digest.mk.sizeOf_spec	
Hash.Sha256.Digest.noConfusion	
Hash.Sha256.Digest.noConfusionType	
Hash.Sha256.Digest.ofHex?	propext
Hash.Sha256.Digest.ofHexChars?	propext
Hash.Sha256.Digest.ofHexChars?.eq_1	propext
Hash.Sha256.Digest.ofHexChars?.match_1	
Hash.Sha256.Digest.ofHexChars?_toHexChars	Quot.sound,propext
Hash.Sha256.Digest.rec	
Hash.Sha256.Digest.recOn	
Hash.Sha256.Digest.size_eq	
Hash.Sha256.Digest.size_toByteArray	
Hash.Sha256.Digest.toByteArray	
Hash.Sha256.Digest.toHex	propext
Hash.Sha256.Digest.toHexChars	propext
Hash.Sha256.Digest.toHexChars.eq_1	propext
Hash.Sha256.Digest.toList	
Hash.Sha256.Digest.toList.eq_1	
Hash.Sha256.Fast.Ch	Quot.sound,propext
Hash.Sha256.Fast.Ch_abs	Quot.sound,propext
Hash.Sha256.Fast.H0	
Hash.Sha256.Fast.H0._proof_1	
Hash.Sha256.Fast.H0_224	
Hash.Sha256.Fast.H0_224._proof_1	
Hash.Sha256.Fast.H0_224_eq	Quot.sound,propext
Hash.Sha256.Fast.H0_224_eq.match_1_1	propext
Hash.Sha256.Fast.H0_eq	Quot.sound,propext
Hash.Sha256.Fast.H0_eq.match_1_2	propext
Hash.Sha256.Fast.K	
Hash.Sha256.Fast.K._proof_1	
Hash.Sha256.Fast.K_eq	Quot.sound,propext
Hash.Sha256.Fast.Maj	Quot.sound,propext
Hash.Sha256.Fast.Maj_abs	Quot.sound,propext
Hash.Sha256.Fast.Sigma0_abs	Quot.sound,propext
Hash.Sha256.Fast.Sigma1_abs	Quot.sound,propext
Hash.Sha256.Fast.St	
Hash.Sha256.Fast.Word	
Hash.Sha256.Fast.abs	Quot.sound,propext
Hash.Sha256.Fast.abs.eq_1	Quot.sound,propext
Hash.Sha256.Fast.blocks_take_multiple	Quot.sound,propext
Hash.Sha256.Fast.blocks_take_multiple._proof_1_1	Quot.sound,propext
Hash.Sha256.Fast.blocks_take_multiple._proof_1_2	Quot.sound,propext
Hash.Sha256.Fast.blocks_take_multiple._proof_1_3	Quot.sound,propext
Hash.Sha256.Fast.blocks_take_multiple._proof_1_4	Quot.sound,propext
Hash.Sha256.Fast.blocks_take_multiple._proof_1_5	Quot.sound,propext
Hash.Sha256.Fast.byteAt	
Hash.Sha256.Fast.byteAt.eq_1	
Hash.Sha256.Fast.byteAt_eq	Quot.sound,propext
Hash.Sha256.Fast.byteAt_eq._proof_1_2	Quot.sound,propext
Hash.Sha256.Fast.byteAt_eq._proof_1_3	Quot.sound,propext
Hash.Sha256.Fast.bytesOfWord	propext
Hash.Sha256.Fast.compress	Quot.sound,propext
Hash.Sha256.Fast.compress._proof_1	
Hash.Sha256.Fast.compress.eq_1	Quot.sound,propext
Hash.Sha256.Fast.compress_abs	Quot.sound,propext
Hash.Sha256.Fast.fold_abs	Quot.sound,propext
Hash.Sha256.Fast.fold_abs._proof_1_1	Quot.sound,propext
Hash.Sha256.Fast.hashAll	Quot.sound,propext
Hash.Sha256.Fast.hashAll.eq_1	Quot.sound,propext
Hash.Sha256.Fast.hashAll_abs	Quot.sound,propext
Hash.Sha256.Fast.hashAll_abs._proof_1_2	Quot.sound,propext
Hash.Sha256.Fast.hashAll_eq_hashWith	Quot.sound,propext
Hash.Sha256.Fast.hashFrom	Quot.sound,propext
Hash.Sha256.Fast.hashFrom._f	Quot.sound,propext
Hash.Sha256.Fast.hashFrom._sunfold	Quot.sound,propext
Hash.Sha256.Fast.hashFrom._unsafe_rec	Quot.sound,propext
Hash.Sha256.Fast.hashFrom.eq_1	Quot.sound,propext
Hash.Sha256.Fast.hashFrom.eq_2	Quot.sound,propext
Hash.Sha256.Fast.hashFrom.eq_def	Quot.sound,propext
Hash.Sha256.Fast.hashFrom.match_1	
Hash.Sha256.Fast.hashFrom_abs	Quot.sound,propext
Hash.Sha256.Fast.hashFrom_abs._proof_1_4	Quot.sound,propext
Hash.Sha256.Fast.hashFrom_abs._proof_1_5	Quot.sound,propext
Hash.Sha256.Fast.hashFrom_abs._proof_1_6	Quot.sound,propext
Hash.Sha256.Fast.hashFrom_abs._proof_1_7	Quot.sound,propext
Hash.Sha256.Fast.hashFrom_abs._proof_1_8	Quot.sound,propext
Hash.Sha256.Fast.hashFrom_add	Quot.sound,propext
Hash.Sha256.Fast.hashFrom_add._proof_1_1	Quot.sound,propext
Hash.Sha256.Fast.hashFrom_add._proof_1_2	Quot.sound,propext
Hash.Sha256.Fast.hashFrom_congr	Quot.sound,propext
Hash.Sha256.Fast.hashFrom_congr._proof_1_1	Quot.sound,propext
Hash.Sha256.Fast.hashFrom_congr._proof_1_10	Quot.sound,propext
Hash.Sha256.Fast.hashFrom_congr._proof_1_2	Quot.sound,propext
Hash.Sha256.Fast.hashFrom_congr._proof_1_3	Quot.sound,propext
Hash.Sha256.Fast.hashFrom_congr._proof_1_4	Quot.sound,propext
Hash.Sha256.Fast.hashFrom_congr._proof_1_5	Quot.sound,propext
Hash.Sha256.Fast.hashFrom_congr._proof_1_6	Quot.sound,propext
Hash.Sha256.Fast.hashFrom_congr._proof_1_7	Quot.sound,propext
Hash.Sha256.Fast.hashFrom_congr._proof_1_8	Quot.sound,propext
Hash.Sha256.Fast.hashFrom_congr._proof_1_9	Quot.sound,propext
Hash.Sha256.Fast.hashWith	Quot.sound,propext
Hash.Sha256.Fast.hashWith.eq_1	Quot.sound,propext
Hash.Sha256.Fast.hashWith_abs	Quot.sound,propext
Hash.Sha256.Fast.hashWith_abs._proof_1_2	Quot.sound,propext
Hash.Sha256.Fast.padBytes	
Hash.Sha256.Fast.padBytes.eq_1	
Hash.Sha256.Fast.padBytes_eq	Quot.sound,propext
Hash.Sha256.Fast.padSuffix	
Hash.Sha256.Fast.padSuffix.eq_1	
Hash.Sha256.Fast.rotr	Quot.sound,propext
Hash.Sha256.Fast.rotr.eq_1	Quot.sound,propext
Hash.Sha256.Fast.round	Quot.sound,propext
Hash.Sha256.Fast.round._proof_1	Quot.sound,propext
Hash.Sha256.Fast.round._proof_10	Quot.sound,propext
Hash.Sha256.Fast.round._proof_11	Quot.sound,propext
Hash.Sha256.Fast.round._proof_12	Quot.sound,propext
Hash.Sha256.Fast.round._proof_13	Quot.sound,propext
Hash.Sha256.Fast.round._proof_14	Quot.sound,propext
Hash.Sha256.Fast.round._proof_15	Quot.sound,propext
Hash.Sha256.Fast.round._proof_16	Quot.sound,propext
Hash.Sha256.Fast.round._proof_17	Quot.sound,propext
Hash.Sha256.Fast.round._proof_2	Quot.sound,propext
Hash.Sha256.Fast.round._proof_3	Quot.sound,propext
Hash.Sha256.Fast.round._proof_4	Quot.sound,propext
Hash.Sha256.Fast.round._proof_5	Quot.sound,propext
Hash.Sha256.Fast.round._proof_6	Quot.sound,propext
Hash.Sha256.Fast.round._proof_7	Quot.sound,propext
Hash.Sha256.Fast.round._proof_8	Quot.sound,propext
Hash.Sha256.Fast.round._proof_9	Quot.sound,propext
Hash.Sha256.Fast.round.congr_simp	Quot.sound,propext
Hash.Sha256.Fast.round.eq_1	Quot.sound,propext
Hash.Sha256.Fast.round_abs	Quot.sound,propext
Hash.Sha256.Fast.schedule	Quot.sound,propext
Hash.Sha256.Fast.schedule.eq_1	Quot.sound,propext
Hash.Sha256.Fast.scheduleInit	propext
Hash.Sha256.Fast.scheduleInit.eq_1	propext
Hash.Sha256.Fast.scheduleInit_abs	Quot.sound,propext
Hash.Sha256.Fast.scheduleStep	Quot.sound,propext
Hash.Sha256.Fast.scheduleStep._proof_1	Quot.sound,propext
Hash.Sha256.Fast.scheduleStep._proof_10	Quot.sound,propext
Hash.Sha256.Fast.scheduleStep._proof_2	Quot.sound,propext
Hash.Sha256.Fast.scheduleStep._proof_3	Quot.sound,propext
Hash.Sha256.Fast.scheduleStep._proof_4	Quot.sound,propext
Hash.Sha256.Fast.scheduleStep._proof_5	Quot.sound,propext
Hash.Sha256.Fast.scheduleStep._proof_6	Quot.sound,propext
Hash.Sha256.Fast.scheduleStep._proof_7	Quot.sound,propext
Hash.Sha256.Fast.scheduleStep._proof_8	Quot.sound,propext
Hash.Sha256.Fast.scheduleStep._proof_9	Quot.sound,propext
Hash.Sha256.Fast.scheduleStep.eq_1	Quot.sound,propext
Hash.Sha256.Fast.scheduleStep_abs	Quot.sound,propext
Hash.Sha256.Fast.schedule_abs	Quot.sound,propext
Hash.Sha256.Fast.sha224	Quot.sound,propext
Hash.Sha256.Fast.sha224.eq_1	Quot.sound,propext
Hash.Sha256.Fast.sha224_eq_impl	Quot.sound,propext
Hash.Sha256.Fast.sha256	Quot.sound,propext
Hash.Sha256.Fast.sha256.eq_1	Quot.sound,propext
Hash.Sha256.Fast.sha256_eq_impl	Quot.sound,propext
Hash.Sha256.Fast.sigma0_abs	Quot.sound,propext
Hash.Sha256.Fast.sigma1_abs	Quot.sound,propext
Hash.Sha256.Fast.size_sha224	Quot.sound,propext
Hash.Sha256.Fast.size_sha256	Quot.sound,propext
Hash.Sha256.Fast.size_squeeze	Quot.sound,propext
Hash.Sha256.Fast.size_tailFrom	Quot.sound,propext
Hash.Sha256.Fast.squeeze	propext
Hash.Sha256.Fast.squeeze.eq_1	propext
Hash.Sha256.Fast.squeeze224	Quot.sound,propext
Hash.Sha256.Fast.squeeze224.eq_1	Quot.sound,propext
Hash.Sha256.Fast.squeeze_eq	Quot.sound,propext
Hash.Sha256.Fast.tailFrom	
Hash.Sha256.Fast.tailFrom.eq_1	
Hash.Sha256.Fast.toBitVec_rotr	Quot.sound,propext
Hash.Sha256.Fast.toBitVec_rotr._proof_1_2	Quot.sound,propext
Hash.Sha256.Fast.toList_tailFrom	Quot.sound,propext
Hash.Sha256.Fast.toList_tailFrom._proof_1_2	Quot.sound,propext
Hash.Sha256.Fast.wordAt	Quot.sound,propext
Hash.Sha256.Fast.wordAt.eq_1	Quot.sound,propext
Hash.Sha256.Fast.wordsAt	Quot.sound,propext
Hash.Sha256.Fast.wordsAt.eq_1	Quot.sound,propext
Hash.Sha256.Fast.wordsAt_eq	Quot.sound,propext
Hash.Sha256.Fast.wordsAt_eq._proof_1_3	Quot.sound,propext
Hash.Sha256.Fast.wordsAt_eq._proof_1_4	Quot.sound,propext
Hash.Sha256.Fast.wordsAt_eq._proof_1_5	Quot.sound,propext
Hash.Sha256.Fast.wordsAt_eq._proof_1_6	Quot.sound,propext
Hash.Sha256.Fast.«Σ0»	Quot.sound,propext
Hash.Sha256.Fast.«Σ1»	Quot.sound,propext
Hash.Sha256.Fast.σ0	Quot.sound,propext
Hash.Sha256.Fast.σ1	Quot.sound,propext
Hash.Sha256.Hex.byteArray_eq_of_data	
Hash.Sha256.Hex.decode?	propext
Hash.Sha256.Hex.decodeAux_encodeCharsOfList	Quot.sound,propext
Hash.Sha256.Hex.decodeAux_encodeCharsOfList._proof_1_1	Quot.sound,propext
Hash.Sha256.Hex.decodeAux_encodeCharsOfList._proof_1_2	Quot.sound,propext
Hash.Sha256.Hex.decodeAux_encodeCharsOfList._proof_1_3	Quot.sound,propext
Hash.Sha256.Hex.decodeChars?	propext
Hash.Sha256.Hex.decodeChars?.eq_1	propext
Hash.Sha256.Hex.decodeChars?_encodeChars	Quot.sound,propext
Hash.Sha256.Hex.digit	propext
Hash.Sha256.Hex.digit.eq_1	propext
Hash.Sha256.Hex.digitValue?	
Hash.Sha256.Hex.digitValue?_digit	Quot.sound,propext
Hash.Sha256.Hex.digitValue?_digit._proof_1_2	Quot.sound,propext
Hash.Sha256.Hex.encode	propext
Hash.Sha256.Hex.encodeChars	propext
Hash.Sha256.Hex.encodeChars.eq_1	propext
Hash.Sha256.Hex.encodeCharsOfList	propext
Hash.Sha256.Hex.encodeCharsOfList.eq_1	propext
Hash.Sha256.Hex.encodeChars_lower	Quot.sound,propext
Hash.Sha256.Hex.length_encodeChars	Quot.sound,propext
Hash.Sha256.Hex.length_encodeCharsOfList	Quot.sound,propext
Hash.Sha256.Hex.toByteArray_data_toList	propext
Hash.Sha256.Hex.toLower_digit	Quot.sound,propext
Hash.Sha256.Hex.toLower_digit._proof_1_2	Quot.sound,propext
Hash.Sha256.Impl.St	
Hash.Sha256.Impl.Word	
Hash.Sha256.Impl.blocks	Quot.sound,propext
Hash.Sha256.Impl.blocks._proof_1	Quot.sound,propext
Hash.Sha256.Impl.blocks._unsafe_rec	
Hash.Sha256.Impl.blocks.eq_1	Quot.sound,propext
Hash.Sha256.Impl.blocks.eq_def	Quot.sound,propext
Hash.Sha256.Impl.blocks_append	Quot.sound,propext
Hash.Sha256.Impl.blocks_append._proof_1_1	Quot.sound,propext
Hash.Sha256.Impl.blocks_append._proof_1_2	Quot.sound,propext
Hash.Sha256.Impl.blocks_append._proof_1_3	Quot.sound,propext
Hash.Sha256.Impl.blocks_append._proof_1_4	Quot.sound,propext
Hash.Sha256.Impl.blocks_append._unary	Quot.sound,propext
Hash.Sha256.Impl.blocks_cons	Quot.sound,propext
Hash.Sha256.Impl.blocks_nil_of_lt	Quot.sound,propext
Hash.Sha256.Impl.bytesOfWord	propext
Hash.Sha256.Impl.bytesOfWord.eq_1	propext
Hash.Sha256.Impl.compress	Quot.sound,propext
Hash.Sha256.Impl.compress.eq_1	Quot.sound,propext
Hash.Sha256.Impl.hash	Quot.sound,propext
Hash.Sha256.Impl.hash'	Quot.sound,propext
Hash.Sha256.Impl.hash'.eq_1	Quot.sound,propext
Hash.Sha256.Impl.hash'_append	Quot.sound,propext
Hash.Sha256.Impl.hash.eq_1	Quot.sound,propext
Hash.Sha256.Impl.hashBytes	Quot.sound,propext
Hash.Sha256.Impl.hashBytes._proof_1	Quot.sound,propext
Hash.Sha256.Impl.hashBytes._proof_2	Quot.sound,propext
Hash.Sha256.Impl.hashBytes.eq_1	Quot.sound,propext
Hash.Sha256.Impl.hashWith	Quot.sound,propext
Hash.Sha256.Impl.hashWith.eq_1	Quot.sound,propext
Hash.Sha256.Impl.hash_eq_hashWith	Quot.sound,propext
Hash.Sha256.Impl.lengthBytes	
Hash.Sha256.Impl.lengthBytes.eq_1	
Hash.Sha256.Impl.length_bytesOfWord	propext
Hash.Sha256.Impl.length_hashBytes	Quot.sound,propext
Hash.Sha256.Impl.length_lengthBytes	
Hash.Sha256.Impl.length_padBytes	Quot.sound,propext
Hash.Sha256.Impl.length_padBytes._proof_1_1	Quot.sound,propext
Hash.Sha256.Impl.length_padBytes_eq	Quot.sound,propext
Hash.Sha256.Impl.length_padBytes_eq._proof_1_2	Quot.sound,propext
Hash.Sha256.Impl.length_padBytes_pos	Quot.sound,propext
Hash.Sha256.Impl.length_padBytes_pos._proof_1_1	Quot.sound,propext
Hash.Sha256.Impl.length_sha224	Quot.sound,propext
Hash.Sha256.Impl.length_sha224._proof_1_2	Quot.sound,propext
Hash.Sha256.Impl.length_sha256	Quot.sound,propext
Hash.Sha256.Impl.padBytes	
Hash.Sha256.Impl.padBytes.eq_1	
Hash.Sha256.Impl.padBytes_prefix	
Hash.Sha256.Impl.schedule	Quot.sound,propext
Hash.Sha256.Impl.schedule.eq_1	Quot.sound,propext
Hash.Sha256.Impl.sha224	Quot.sound,propext
Hash.Sha256.Impl.sha224.eq_1	Quot.sound,propext
Hash.Sha256.Impl.sha256	Quot.sound,propext
Hash.Sha256.Impl.sha256._proof_1	Quot.sound,propext
Hash.Sha256.Impl.sha256._proof_2	Quot.sound,propext
Hash.Sha256.Impl.sha256.eq_1	Quot.sound,propext
Hash.Sha256.Impl.sha256_eq_hashBytes	Quot.sound,propext
Hash.Sha256.Impl.wordOfBytes	Quot.sound,propext
Hash.Sha256.Impl.wordOfBytes.eq_1	Quot.sound,propext
Hash.Sha256.Impl.wordsOfBlock	Quot.sound,propext
Hash.Sha256.Impl.wordsOfBlock.eq_1	Quot.sound,propext
Hash.Sha256.Kats.e1Digest	
Hash.Sha256.Kats.e1Msg	
Hash.Sha256.Kats.e2Digest	
Hash.Sha256.Kats.e2Msg	
Hash.Sha256.Kats.e3Digest	
Hash.Sha256.Kats.e3Msg	
Hash.Sha256.Kats.kernel_kat_w1	Quot.sound,propext
Hash.Sha256.Kats.kernel_kat_w1._proof_1_1	Quot.sound,propext
Hash.Sha256.Kats.sha224E1Digest	
Hash.Sha256.Kats.sha224E1Msg	
Hash.Sha256.Kats.sha224E2Digest	
Hash.Sha256.Kats.sha224E2Msg	
Hash.Sha256.Kats.sha224E3Digest	
Hash.Sha256.Kats.sha224E3Msg	
Hash.Sha256.Kats.sha224W1Digest	
Hash.Sha256.Kats.sha224W1Msg	
Hash.Sha256.Kats.sha224W2Digest	
Hash.Sha256.Kats.sha224W2Msg	
Hash.Sha256.Kats.streamed	Quot.sound,propext
Hash.Sha256.Kats.w1Digest	
Hash.Sha256.Kats.w1Msg	
Hash.Sha256.Kats.w2Digest	
Hash.Sha256.Kats.w2Msg	
Hash.Sha256.Spec.Ch	Quot.sound,propext
Hash.Sha256.Spec.H0	
Hash.Sha256.Spec.H0._proof_1	
Hash.Sha256.Spec.H0_224	
Hash.Sha256.Spec.H0_224._proof_1	
Hash.Sha256.Spec.K	
Hash.Sha256.Spec.K._proof_1	
Hash.Sha256.Spec.Maj	Quot.sound,propext
Hash.Sha256.Spec.Word	
Hash.Sha256.Spec.bitsOfByte	propext
Hash.Sha256.Spec.bitsOfByte.eq_1	propext
Hash.Sha256.Spec.bitsOfByte_byteOfBits	Quot.sound,propext
Hash.Sha256.Spec.bitsOfByte_ofNat	Quot.sound,propext
Hash.Sha256.Spec.bitsOfBytes	propext
Hash.Sha256.Spec.bitsOfBytes.eq_1	propext
Hash.Sha256.Spec.bitsOfBytes_bytesOfBits	Quot.sound,propext
Hash.Sha256.Spec.bitsOfBytes_bytesOfBits._proof_1_1	Quot.sound,propext
Hash.Sha256.Spec.bitsOfBytes_bytesOfBits._proof_1_2	Quot.sound,propext
Hash.Sha256.Spec.bitsOfBytes_bytesOfBits._proof_1_3	Quot.sound,propext
Hash.Sha256.Spec.bitsOfBytes_bytesOfBits._unary	Quot.sound,propext
Hash.Sha256.Spec.bitsOfBytes_cons	propext
Hash.Sha256.Spec.bitsOfNat	propext
Hash.Sha256.Spec.bitsOfNat._f	propext
Hash.Sha256.Spec.bitsOfNat._sunfold	propext
Hash.Sha256.Spec.bitsOfNat._unsafe_rec	propext
Hash.Sha256.Spec.bitsOfNat.eq_1	propext
Hash.Sha256.Spec.bitsOfNat.eq_2	propext
Hash.Sha256.Spec.bitsOfNat.eq_def	propext
Hash.Sha256.Spec.bitsOfNat.match_1	
Hash.Sha256.Spec.bitsOfNat_add	Quot.sound,propext
Hash.Sha256.Spec.bitsOfNat_add._proof_1_4	Quot.sound,propext
Hash.Sha256.Spec.bitsOfNat_congr	propext
Hash.Sha256.Spec.bitsOfNat_natOfBits	Quot.sound,propext
Hash.Sha256.Spec.bitsOfWord	propext
Hash.Sha256.Spec.bitsOfWord.eq_1	propext
Hash.Sha256.Spec.bitsOfWord_ofNat	Quot.sound,propext
Hash.Sha256.Spec.bitsOfWords	propext
Hash.Sha256.Spec.bitsOfWords._proof_1	Quot.sound,propext
Hash.Sha256.Spec.bitsOfWords.eq_1	propext
Hash.Sha256.Spec.blockOfBits	propext
Hash.Sha256.Spec.blockOfBits.eq_1	propext
Hash.Sha256.Spec.byteOfBits	
Hash.Sha256.Spec.byteOfBits.eq_1	
Hash.Sha256.Spec.byteOfBits_bitsOfByte	Quot.sound,propext
Hash.Sha256.Spec.bytesOfBits	Quot.sound,propext
Hash.Sha256.Spec.bytesOfBits._proof_1	Quot.sound,propext
Hash.Sha256.Spec.bytesOfBits._unsafe_rec	
Hash.Sha256.Spec.bytesOfBits.eq_1	Quot.sound,propext
Hash.Sha256.Spec.bytesOfBits.eq_def	Quot.sound,propext
Hash.Sha256.Spec.bytesOfBits_append8	Quot.sound,propext
Hash.Sha256.Spec.bytesOfBits_append8._proof_1_1	Quot.sound,propext
Hash.Sha256.Spec.bytesOfBits_bitsOfBytes	Quot.sound,propext
Hash.Sha256.Spec.bytesOfBits_nil	Quot.sound,propext
Hash.Sha256.Spec.compress	Quot.sound,propext
Hash.Sha256.Spec.compress._proof_1	
Hash.Sha256.Spec.compress.eq_1	Quot.sound,propext
Hash.Sha256.Spec.hash	Quot.sound,propext
Hash.Sha256.Spec.hash.eq_1	Quot.sound,propext
Hash.Sha256.Spec.hashWith	Quot.sound,propext
Hash.Sha256.Spec.hashWith.eq_1	Quot.sound,propext
Hash.Sha256.Spec.hash_eq_hashWith	Quot.sound,propext
Hash.Sha256.Spec.length_bitsOfByte	propext
Hash.Sha256.Spec.length_bitsOfBytes	Quot.sound,propext
Hash.Sha256.Spec.length_bitsOfNat	propext
Hash.Sha256.Spec.length_bitsOfWord	propext
Hash.Sha256.Spec.length_bitsOfWords	Quot.sound,propext
Hash.Sha256.Spec.length_flatMap_const	Quot.sound,propext
Hash.Sha256.Spec.length_flatMap_const._proof_1_1	Quot.sound,propext
Hash.Sha256.Spec.length_pad	Quot.sound,propext
Hash.Sha256.Spec.length_pad._proof_1_2	Quot.sound,propext
Hash.Sha256.Spec.length_sha224	Quot.sound,propext
Hash.Sha256.Spec.length_sha224._proof_1_2	Quot.sound,propext
Hash.Sha256.Spec.length_sha256	Quot.sound,propext
Hash.Sha256.Spec.natOfBits	
Hash.Sha256.Spec.natOfBits._f	
Hash.Sha256.Spec.natOfBits._sunfold	
Hash.Sha256.Spec.natOfBits._unsafe_rec	
Hash.Sha256.Spec.natOfBits.eq_1	
Hash.Sha256.Spec.natOfBits.eq_2	
Hash.Sha256.Spec.natOfBits.eq_def	
Hash.Sha256.Spec.natOfBits.match_1	
Hash.Sha256.Spec.natOfBits_append	propext
Hash.Sha256.Spec.natOfBits_bitsOfByte	Quot.sound,propext
Hash.Sha256.Spec.natOfBits_bitsOfNat	Quot.sound,propext
Hash.Sha256.Spec.natOfBits_lt	Quot.sound,propext
Hash.Sha256.Spec.natOfBits_lt._proof_1_4	Quot.sound,propext
Hash.Sha256.Spec.pad	propext
Hash.Sha256.Spec.pad.eq_1	propext
Hash.Sha256.Spec.pad_prefix	propext
Hash.Sha256.Spec.parse	Quot.sound,propext
Hash.Sha256.Spec.parse._proof_1	Quot.sound,propext
Hash.Sha256.Spec.parse._unsafe_rec	propext
Hash.Sha256.Spec.parse.eq_1	Quot.sound,propext
Hash.Sha256.Spec.parse.eq_def	Quot.sound,propext
Hash.Sha256.Spec.parse_cons	Quot.sound,propext
Hash.Sha256.Spec.parse_nil_of_lt	Quot.sound,propext
Hash.Sha256.Spec.round	Quot.sound,propext
Hash.Sha256.Spec.round._proof_1	Quot.sound,propext
Hash.Sha256.Spec.round._proof_10	Quot.sound,propext
Hash.Sha256.Spec.round._proof_11	Quot.sound,propext
Hash.Sha256.Spec.round._proof_12	Quot.sound,propext
Hash.Sha256.Spec.round._proof_13	Quot.sound,propext
Hash.Sha256.Spec.round._proof_14	Quot.sound,propext
Hash.Sha256.Spec.round._proof_15	Quot.sound,propext
Hash.Sha256.Spec.round._proof_16	Quot.sound,propext
Hash.Sha256.Spec.round._proof_17	Quot.sound,propext
Hash.Sha256.Spec.round._proof_2	Quot.sound,propext
Hash.Sha256.Spec.round._proof_3	Quot.sound,propext
Hash.Sha256.Spec.round._proof_4	Quot.sound,propext
Hash.Sha256.Spec.round._proof_5	Quot.sound,propext
Hash.Sha256.Spec.round._proof_6	Quot.sound,propext
Hash.Sha256.Spec.round._proof_7	Quot.sound,propext
Hash.Sha256.Spec.round._proof_8	Quot.sound,propext
Hash.Sha256.Spec.round._proof_9	Quot.sound,propext
Hash.Sha256.Spec.round.congr_simp	Quot.sound,propext
Hash.Sha256.Spec.round.eq_1	Quot.sound,propext
Hash.Sha256.Spec.schedule	Quot.sound,propext
Hash.Sha256.Spec.schedule.eq_1	Quot.sound,propext
Hash.Sha256.Spec.scheduleInit	propext
Hash.Sha256.Spec.scheduleInit.eq_1	propext
Hash.Sha256.Spec.scheduleStep	Quot.sound,propext
Hash.Sha256.Spec.scheduleStep._proof_1	Quot.sound,propext
Hash.Sha256.Spec.scheduleStep._proof_10	Quot.sound,propext
Hash.Sha256.Spec.scheduleStep._proof_2	Quot.sound,propext
Hash.Sha256.Spec.scheduleStep._proof_3	Quot.sound,propext
Hash.Sha256.Spec.scheduleStep._proof_4	Quot.sound,propext
Hash.Sha256.Spec.scheduleStep._proof_5	Quot.sound,propext
Hash.Sha256.Spec.scheduleStep._proof_6	Quot.sound,propext
Hash.Sha256.Spec.scheduleStep._proof_7	Quot.sound,propext
Hash.Sha256.Spec.scheduleStep._proof_8	Quot.sound,propext
Hash.Sha256.Spec.scheduleStep._proof_9	Quot.sound,propext
Hash.Sha256.Spec.scheduleStep.eq_1	Quot.sound,propext
Hash.Sha256.Spec.sha224	Quot.sound,propext
Hash.Sha256.Spec.sha224.eq_1	Quot.sound,propext
Hash.Sha256.Spec.sha224_bytes	Quot.sound,propext
Hash.Sha256.Spec.sha224_bytes.eq_1	Quot.sound,propext
Hash.Sha256.Spec.sha256	Quot.sound,propext
Hash.Sha256.Spec.sha256.eq_1	Quot.sound,propext
Hash.Sha256.Spec.sha256_bytes	Quot.sound,propext
Hash.Sha256.Spec.sha256_bytes.eq_1	Quot.sound,propext
Hash.Sha256.Spec.wordOfBits	
Hash.Sha256.Spec.wordOfBits.eq_1	
Hash.Sha256.Spec.«Σ0»	Quot.sound,propext
Hash.Sha256.Spec.«Σ1»	Quot.sound,propext
Hash.Sha256.Spec.σ0	Quot.sound,propext
Hash.Sha256.Spec.σ1	Quot.sound,propext
Hash.Sha256.Vec.getElem_ofFn	propext
Hash.Sha256.Vec.ofFn	propext
Hash.Sha256.digest	Quot.sound,propext
Hash.Sha256.digest_sha224	Quot.sound,propext
Hash.Sha256.digest_sha256	Quot.sound,propext
Hash.Sha256.instDecidableEqAlgorithm	
Hash.Sha256.instDecidableEqAlgorithm._proof_1	
Hash.Sha256.instDecidableEqAlgorithm._proof_2	
Hash.Sha256.instReprAlgorithm	
Hash.Sha256.instReprAlgorithm.repr	
Hash.Sha256.instReprAlgorithm.repr.match_1	
Hash.Sha256.sha224	Quot.sound,propext
Hash.Sha256.sha224String	Quot.sound,propext
Hash.Sha256.sha224_impl	Quot.sound,propext
Hash.Sha256.sha224_spec	Quot.sound,propext
Hash.Sha256.sha256	Quot.sound,propext
Hash.Sha256.sha256String	Quot.sound,propext
Hash.Sha256.sha256_impl	Quot.sound,propext
Hash.Sha256.sha256_ofList	Quot.sound,propext
Hash.Sha256.sha256_spec	Quot.sound,propext
_private.Hash.Sha256.Bridge.0.Hash.Sha256.Bridge.bitsOfNat_split8	Quot.sound,propext
_private.Hash.Sha256.Bridge.0.Hash.Sha256.Bridge.getD_drop	propext
_private.Hash.Sha256.Bridge.0.Hash.Sha256.Bridge.pack4	Quot.sound,propext
_private.Hash.Sha256.Bridge.0.Hash.Sha256.Bridge.pack4._proof_1_1	Quot.sound,propext
_private.Hash.Sha256.Bridge.0.Hash.Sha256.Bridge.pack4._proof_1_10	Quot.sound,propext
_private.Hash.Sha256.Bridge.0.Hash.Sha256.Bridge.pack4._proof_1_2	Quot.sound,propext
_private.Hash.Sha256.Bridge.0.Hash.Sha256.Bridge.pack4._proof_1_3	Quot.sound,propext
_private.Hash.Sha256.Bridge.0.Hash.Sha256.Bridge.pack4._proof_1_4	Quot.sound,propext
_private.Hash.Sha256.Bridge.0.Hash.Sha256.Bridge.pack4._proof_1_5	Quot.sound,propext
_private.Hash.Sha256.Bridge.0.Hash.Sha256.Bridge.pack4._proof_1_6	Quot.sound,propext
_private.Hash.Sha256.Bridge.0.Hash.Sha256.Bridge.pack4._proof_1_7	Quot.sound,propext
_private.Hash.Sha256.Bridge.0.Hash.Sha256.Bridge.pack4._proof_1_8	Quot.sound,propext
_private.Hash.Sha256.Bridge.0.Hash.Sha256.Bridge.pack4._proof_1_9	Quot.sound,propext
_private.Hash.Sha256.Bridge.0.Hash.Sha256.Bridge.take4_drop	Quot.sound,propext
_private.Hash.Sha256.Bridge.0.Hash.Sha256.Bridge.take4_drop._proof_1_1	Quot.sound,propext
_private.Hash.Sha256.Bridge.0.Hash.Sha256.Bridge.take4_of_ge	propext
_private.Hash.Sha256.Bridge.0.Hash.Sha256.Bridge.take4_of_ge.match_1_1	
_private.Hash.Sha256.Context.0.Hash.Sha256.getD_append_left	propext
_private.Hash.Sha256.Context.0.Hash.Sha256.getD_drop	propext
_private.Hash.Sha256.Context.0.Hash.Sha256.toList_append	Quot.sound,propext
_private.Hash.Sha256.Fast.0.Hash.Sha256.Fast.K_eq_all	Quot.sound,propext
_private.Hash.Sha256.Fast.0.Hash.Sha256.Fast.K_eq_all._proof_1	Quot.sound,propext
_private.Hash.Sha256.Fast.0.Hash.Sha256.Fast.bytesOfWord_eq	propext
_private.Hash.Sha256.Fast.0.Hash.Sha256.Fast.drop_take	Quot.sound,propext
_private.Hash.Sha256.Fast.0.Hash.Sha256.Fast.drop_take._proof_1_1	Quot.sound,propext
_private.Hash.Sha256.Fast.0.Hash.Sha256.Fast.getD_take_drop	propext
_private.Hash.Sha256.Fast.0.Hash.Sha256.Fast.getElem_abs	Quot.sound,propext
_private.Hash.Sha256.Fast.0.Hash.Sha256.Fast.getElem_abs._proof_1	Quot.sound,propext
_private.Hash.Sha256.Fast.0.Hash.Sha256.Fast.hashFrom.match_1.eq_1	
_private.Hash.Sha256.Fast.0.Hash.Sha256.Fast.hashFrom.match_1.eq_2	
_private.Hash.Sha256.Fast.0.Hash.Sha256.Fast.hashFrom.match_1.splitter	
_private.Hash.Sha256.Fast.0.Hash.Sha256.Fast.map_v8	Quot.sound,propext
_private.Hash.Sha256.Fast.0.Hash.Sha256.Fast.map_v8.match_1_1	propext
_private.Hash.Sha256.Fast.0.Hash.Sha256.Fast.shiftAmount	propext
_private.Hash.Sha256.Fast.0.Hash.Sha256.Fast.toBitVec_wordAt	Quot.sound,propext
_private.Hash.Sha256.Fast.0.Hash.Sha256.Fast.toUInt32_toBitVec	propext
_private.Hash.Sha256.Hex.0.Hash.Sha256.Hex.asciiChars	
_private.Hash.Sha256.Hex.0.Hash.Sha256.Hex.decodeAux	propext
_private.Hash.Sha256.Hex.0.Hash.Sha256.Hex.decodeAux._f	propext
_private.Hash.Sha256.Hex.0.Hash.Sha256.Hex.decodeAux._sparseCasesOn_1	propext
_private.Hash.Sha256.Hex.0.Hash.Sha256.Hex.decodeAux._sparseCasesOn_1.else_eq	propext
_private.Hash.Sha256.Hex.0.Hash.Sha256.Hex.decodeAux._sunfold	propext
_private.Hash.Sha256.Hex.0.Hash.Sha256.Hex.decodeAux._unsafe_rec	propext
_private.Hash.Sha256.Hex.0.Hash.Sha256.Hex.decodeAux.eq_1	propext
_private.Hash.Sha256.Hex.0.Hash.Sha256.Hex.decodeAux.eq_2	propext
_private.Hash.Sha256.Hex.0.Hash.Sha256.Hex.decodeAux.eq_3	propext
_private.Hash.Sha256.Hex.0.Hash.Sha256.Hex.decodeAux.eq_def	propext
_private.Hash.Sha256.Hex.0.Hash.Sha256.Hex.decodeAux.match_1	propext
_private.Hash.Sha256.Hex.0.Hash.Sha256.Hex.decodeAux.match_1.eq_1	propext
_private.Hash.Sha256.Hex.0.Hash.Sha256.Hex.decodeAux.match_1.eq_2	propext
_private.Hash.Sha256.Hex.0.Hash.Sha256.Hex.decodeAux.match_1.splitter	propext
_private.Hash.Sha256.Hex.0.Hash.Sha256.Hex.decodeAux.match_4	
_private.Hash.Sha256.Hex.0.Hash.Sha256.Hex.decodeAux.match_4.eq_1	
_private.Hash.Sha256.Hex.0.Hash.Sha256.Hex.decodeAux.match_4.eq_2	
_private.Hash.Sha256.Hex.0.Hash.Sha256.Hex.decodeAux.match_4.eq_3	
_private.Hash.Sha256.Hex.0.Hash.Sha256.Hex.decodeAux.match_4.splitter	
_private.Hash.Sha256.Hex.0.Hash.Sha256.Hex.digitTable	
_private.Hash.Sha256.Sha224.0.Hash.Sha256.Fast.flatMap_abs	Quot.sound,propext
_private.Hash.Sha256.Spec.0.Hash.Sha256.Spec.bitsOfNat.match_1.eq_1	
_private.Hash.Sha256.Spec.0.Hash.Sha256.Spec.bitsOfNat.match_1.eq_2	
_private.Hash.Sha256.Spec.0.Hash.Sha256.Spec.bitsOfNat.match_1.splitter	
_private.Hash.Sha256.Spec.0.Hash.Sha256.Spec.mod_two_pow_succ	Quot.sound,propext
_private.Hash.Sha256.Spec.0.Hash.Sha256.Spec.mod_two_pow_succ_of_false	Quot.sound,propext
_private.Hash.Sha256.Spec.0.Hash.Sha256.Spec.mod_two_pow_succ_of_false._proof_1_1	Quot.sound,propext
_private.Hash.Sha256.Spec.0.Hash.Sha256.Spec.mod_two_pow_succ_of_true	Quot.sound,propext
_private.Hash.Sha256.Spec.0.Hash.Sha256.Spec.mod_two_pow_succ_of_true._proof_1_1	Quot.sound,propext
_private.Hash.Sha256.Spec.0.Hash.Sha256.Spec.mod_two_pow_succ_of_true._proof_1_2	Quot.sound,propext
_private.Hash.Sha256.Spec.0.Hash.Sha256.Spec.mod_two_pow_succ_of_true._proof_1_3	Quot.sound,propext
_private.Hash.Sha256.Spec.0.Hash.Sha256.Spec.natOfBits.match_1.eq_1	
_private.Hash.Sha256.Spec.0.Hash.Sha256.Spec.natOfBits.match_1.eq_2	
_private.Hash.Sha256.Spec.0.Hash.Sha256.Spec.natOfBits.match_1.splitter	
